project,variant,scenario,mode,n_pairs,t0_min,tg_min,dt_min,cache_shorter,download_gb,cache_gb,storage_basis,ra_star,rt_star_n10,rt_star_n100,rt_star_n1000,ra_range_base_low,ra_range_base_high,ra_star_within_base,ra_star_within_paid,ra_star_within_all_runner_prices,note
caddy,default,S0,min,20,1.4555364010916667,0.09753562950833347,1.3560899660416674,True,0.036439999,0.0662726285,cache_bytes,37.21432500702504,204.62293359039884,2046.2293359039886,20462.293359039886,0.0,9.313225746154785,False,False,True,
caddy,default,S0,max,20,1.4555364010916667,0.10193047353333261,1.351298903875,True,0.036439996,0.9315578555,cache_bytes,37.082849950779355,14.505796885258512,145.05796885258513,1450.5796885258515,0.0,9.313225746154785,False,False,True,
caddy,default,S1,min,20,1.5364006622249997,1.635608085441667,-0.09652630361666752,False,0.016264628,0.06627268,cache_bytes,,,,,0.0,9.313225746154785,,,,"cache build not shorter (dt <= 0): no break-even, the cache is dearer at any price"
caddy,default,S1,max,20,1.5364006622249997,1.9347606054249997,-0.411067566458335,False,0.3738461795,0.931590064,cache_bytes,,,,,0.0,9.313225746154785,,,,"cache build not shorter (dt <= 0): no break-even, the cache is dearer at any price"
caddy,default,S2,min,20,1.500924584391667,1.5333421193583339,-0.023374697516667688,False,0.0364400145,0.066273549,cache_bytes,,,,,0.0,9.313225746154785,,,,"cache build not shorter (dt <= 0): no break-even, the cache is dearer at any price"
caddy,default,S2,max,20,1.500924584391667,1.9710196169083323,-0.45756576159166495,False,0.0364400755,0.9315581465,cache_bytes,,,,,0.0,9.313225746154785,,,,"cache build not shorter (dt <= 0): no break-even, the cache is dearer at any price"
caddy,default,S3,min,20,1.544103685283332,1.5463661868000016,-0.006094097875001125,False,0.0364399895,0.066273657,cache_bytes,,,,,0.0,9.313225746154785,,,,"cache build not shorter (dt <= 0): no break-even, the cache is dearer at any price"
caddy,default,S3,max,20,1.544103685283332,1.9570294758166664,-0.41129500511666583,False,0.036439977,0.9315593905,cache_bytes,,,,,0.0,9.313225746154785,,,,"cache build not shorter (dt <= 0): no break-even, the cache is dearer at any price"
netbox,default,S0,min,20,2.1056556168333334,0.37231575029166636,1.726502309516665,True,0.14227579,0.188499001,cache_bytes,12.134898773126931,91.59211987105783,915.9211987105782,9159.211987105784,0.0,9.313225746154785,False,False,True,
netbox,default,S0,max,20,2.1056556168333334,0.3727407363333337,1.7297002171500007,True,0.142276178,0.444760178,cache_bytes,12.15734244105152,38.890626965033746,388.9062696503374,3889.0626965033744,0.0,9.313225746154785,False,False,True,
netbox,default,S1,min,20,2.2021717239833305,2.290608678474996,-0.0796823173166653,False,0.0012713635,0.188499544,cache_bytes,,,,,0.0,9.313225746154785,,,,"cache build not shorter (dt <= 0): no break-even, the cache is dearer at any price"
netbox,default,S1,max,20,2.2021717239833305,1.3215231906000005,0.8405252915749997,True,0.287732463,0.444761503,cache_bytes,2.9212042423416076,18.898337331479873,188.98337331479868,1889.833733147987,0.0,9.313225746154785,True,False,True,
netbox,default,S2,min,20,2.051867564691667,2.1586273415666675,-0.10314765970833453,False,0.001271357,0.1884991,cache_bytes,,,,,0.0,9.313225746154785,,,,"cache build not shorter (dt <= 0): no break-even, the cache is dearer at any price"
netbox,default,S2,max,20,2.051867564691667,2.2491339917083337,-0.17947940581666538,False,0.11841733,0.4447592645,cache_bytes,,,,,0.0,9.313225746154785,,,,"cache build not shorter (dt <= 0): no break-even, the cache is dearer at any price"
netbox,default,S3,min,20,1.9760890882499988,2.0561865548916645,-0.09093087554999879,False,0.00127136,0.188499048,cache_bytes,,,,,0.0,9.313225746154785,,,,"cache build not shorter (dt <= 0): no break-even, the cache is dearer at any price"
netbox,default,S3,max,20,1.9760890882499988,2.2888897466750033,-0.31238858784166823,False,0.0012713305,0.444759481,cache_bytes,,,,,0.0,9.313225746154785,,,,"cache build not shorter (dt <= 0): no break-even, the cache is dearer at any price"
synthetic,large-long,S0,min,20,1.4900335084749998,0.21271944669999907,1.2699631125500002,True,0.2685178455,0.3147405705,cache_bytes,4.729529652620426,40.349520576026286,403.4952057602629,4034.952057602629,0.0,9.313225746154785,True,False,True,
synthetic,large-long,S0,max,20,1.4900335084749998,0.1928112569416669,1.2803662162666654,True,0.268517845,1.3891083265,cache_bytes,4.768272351756233,9.217180487951424,92.17180487951423,921.7180487951423,0.0,9.313225746154785,True,False,True,
synthetic,large-long,S1,min,20,2.1556681559166635,2.3112301803583346,-0.1564874511999979,False,9.25e-08,0.314740569,cache_bytes,,,,,0.0,9.313225746154785,,,,"cache build not shorter (dt <= 0): no break-even, the cache is dearer at any price"
synthetic,large-long,S1,max,20,2.1556681559166635,1.5427597989083324,0.5644347647333366,True,0.5373309975,1.389108353,cache_bytes,1.0504414734296743,4.063288249000521,40.63288249000521,406.3288249000521,0.0,9.313225746154785,True,False,True,
synthetic,large-long,S2,min,20,2.2031783833583365,2.295845007325001,-0.0941336619333318,False,9.3e-08,0.314740572,cache_bytes,,,,,0.0,9.313225746154785,,,,"cache build not shorter (dt <= 0): no break-even, the cache is dearer at any price"
synthetic,large-long,S2,max,20,2.2031783833583365,2.021113488391669,0.18457898664166428,True,0.268813008,1.3891083715,cache_bytes,0.6866445489931955,1.3287587234273914,13.287587234273914,132.87587234273914,0.0,9.313225746154785,True,False,True,
synthetic,large-long,S3,min,20,2.2180886206166672,2.2436670714999973,-0.038315586508332444,False,0.2685178445,0.3147418575,cache_bytes,,,,,0.0,9.313225746154785,,,,"cache build not shorter (dt <= 0): no break-even, the cache is dearer at any price"
synthetic,large-long,S3,max,20,2.2180886206166672,2.5234169097000008,-0.3589822689666675,False,0.2685178445,1.389109619,cache_bytes,,,,,0.0,9.313225746154785,,,,"cache build not shorter (dt <= 0): no break-even, the cache is dearer at any price"
synthetic,large-short,S0,min,20,0.36924871442500096,0.1785430674416664,0.20828211308333378,True,0.2685178495,0.3147405795,cache_bytes,0.7756732502929335,6.617580529787828,66.17580529787827,661.7580529787826,0.0,9.313225746154785,True,False,True,
synthetic,large-short,S0,max,20,0.36924871442500096,0.1804421151250002,0.20653780749166706,True,0.2685178475,1.3891083105,cache_bytes,0.7691772052197277,1.4868373180873506,14.868373180873506,148.68373180873505,0.0,9.313225746154785,True,False,True,
synthetic,large-short,S1,min,20,0.3785723776416667,0.5179973001916667,-0.13078440223333357,False,9.25e-08,0.314740575,cache_bytes,,,,,0.0,9.313225746154785,,,,"cache build not shorter (dt <= 0): no break-even, the cache is dearer at any price"
synthetic,large-short,S1,max,20,0.3785723776416667,0.6468259391083331,-0.25173678489999984,False,0.5373309615,1.389108319,cache_bytes,,,,,0.0,9.313225746154785,,,,"cache build not shorter (dt <= 0): no break-even, the cache is dearer at any price"
synthetic,large-short,S2,min,20,0.37092376567499985,0.49240417110000056,-0.1155311305833332,False,9.3e-08,0.314740572,cache_bytes,,,,,0.0,9.313225746154785,,,,"cache build not shorter (dt <= 0): no break-even, the cache is dearer at any price"
synthetic,large-short,S2,max,20,0.37092376567499985,0.6721790897666665,-0.27642222321666643,False,0.268812984,1.3891083385,cache_bytes,,,,,0.0,9.313225746154785,,,,"cache build not shorter (dt <= 0): no break-even, the cache is dearer at any price"
synthetic,large-short,S3,min,20,0.38862440286666666,0.37959303595000005,0.019577167241666398,True,0.268517851,0.314741864,cache_bytes,0.07290825235178275,0.6220070947303789,6.220070947303787,62.200709473037875,0.0,9.313225746154785,True,False,True,
synthetic,large-short,S3,max,20,0.38862440286666666,0.6539965138166659,-0.25729688540833395,False,0.2685178495,1.389109599,cache_bytes,,,,,0.0,9.313225746154785,,,,"cache build not shorter (dt <= 0): no break-even, the cache is dearer at any price"
synthetic,small-long,S0,min,20,1.826573033091667,0.0706131915749997,1.7520009171916668,True,0.001049322,0.047272047,cache_bytes,1669.6504192151376,370.62091201416916,3706.209120141692,37062.091201416915,0.0,9.313225746154785,False,False,False,
synthetic,small-long,S0,max,20,1.826573033091667,0.07305922035833323,1.7494925216833332,True,0.001049322,0.0507163525,cache_bytes,1667.2599275373366,344.95629820447624,3449.562982044762,34495.62982044762,0.0,9.313225746154785,False,False,False,
synthetic,small-long,S1,min,20,1.9824149139083327,2.026550214849999,-0.05180950439166736,False,9.25e-08,0.047272048,cache_bytes,,,,,0.0,9.313225746154785,,,,"cache build not shorter (dt <= 0): no break-even, the cache is dearer at any price"
synthetic,small-long,S1,max,20,1.9824149139083327,1.0755197782500001,0.8934779565416676,True,0.002393819,0.0507163815,cache_bytes,373.24374004119255,176.17147164603367,1761.7147164603366,17617.147164603368,0.0,9.313225746154785,False,False,False,
synthetic,small-long,S2,min,20,1.997072975366667,2.0602220150166666,-0.06865870427499866,False,9.3e-08,0.047272051,cache_bytes,,,,,0.0,9.313225746154785,,,,"cache build not shorter (dt <= 0): no break-even, the cache is dearer at any price"
synthetic,small-long,S2,max,20,1.997072975366667,1.5941431715499998,0.3963377783916655,True,0.001344349,0.05071639,cache_bytes,294.81762428630174,78.1478686459477,781.4786864594769,7814.786864594769,0.0,9.313225746154785,False,False,False,
synthetic,small-long,S3,min,20,1.5559463508583342,1.6034228516750013,-0.04653726917500052,False,0.001049322,0.0472733455,cache_bytes,,,,,0.0,9.313225746154785,,,,"cache build not shorter (dt <= 0): no break-even, the cache is dearer at any price"
synthetic,small-long,S3,max,20,1.5559463508583342,1.6630279885666663,-0.10003665317500036,False,0.001049322,0.0517668795,cache_bytes,,,,,0.0,9.313225746154785,,,,"cache build not shorter (dt <= 0): no break-even, the cache is dearer at any price"
synthetic,small-short,S0,min,20,0.1410229247249999,0.06964099430000002,0.07265448534166657,True,0.0010493235,0.0472720485,cache_bytes,69.23935787358863,15.369438737495495,153.69438737495494,1536.9438737495493,0.0,9.313225746154785,False,False,False,
synthetic,small-short,S0,max,20,0.1410229247249999,0.0811161478416666,0.06578523790833313,True,0.001049324,0.050716353,cache_bytes,62.692969862819425,12.971208302050648,129.71208302050647,1297.1208302050647,0.0,9.313225746154785,False,False,False,
synthetic,small-short,S1,min,20,0.1296583237166665,0.19018743776666652,-0.06010642477499992,False,9.25e-08,0.047272048,cache_bytes,,,,,0.0,9.313225746154785,,,,"cache build not shorter (dt <= 0): no break-even, the cache is dearer at any price"
synthetic,small-short,S1,max,20,0.1296583237166665,0.16524005190833413,-0.03564728439166676,False,0.002393806,0.0507163685,cache_bytes,,,,,0.0,9.313225746154785,,,,"cache build not shorter (dt <= 0): no break-even, the cache is dearer at any price"
synthetic,small-short,S2,min,20,0.14292141615000037,0.19490595922499987,-0.06060362190000011,False,9.3e-08,0.047272047,cache_bytes,,,,,0.0,9.313225746154785,,,,"cache build not shorter (dt <= 0): no break-even, the cache is dearer at any price"
synthetic,small-short,S2,max,20,0.14292141615000037,0.2066581063916672,-0.06593105053333327,False,0.0013443425,0.050716391,cache_bytes,,,,,0.0,9.313225746154785,,,,"cache build not shorter (dt <= 0): no break-even, the cache is dearer at any price"
synthetic,small-short,S3,min,20,0.1367645978833335,0.15829789834166708,-0.03204073833333408,False,0.0010493235,0.0472733415,cache_bytes,,,,,0.0,9.313225746154785,,,,"cache build not shorter (dt <= 0): no break-even, the cache is dearer at any price"
synthetic,small-short,S3,max,20,0.1367645978833335,0.20594806495833318,-0.08618720600000056,False,0.001049324,0.0517668735,cache_bytes,,,,,0.0,9.313225746154785,,,,"cache build not shorter (dt <= 0): no break-even, the cache is dearer at any price"
uptime-kuma,default,S0,min,20,2.032501664541667,0.19566043905833225,1.836295930941667,True,0.0425123235,0.115482661,cache_bytes,43.19443821840665,159.01053154132524,1590.1053154132526,15901.053154132525,0.0,9.313225746154785,False,False,True,
uptime-kuma,default,S0,max,20,2.032501664541667,0.19457827304999947,1.837690280341667,True,0.0425122735,0.4110094315,cache_bytes,43.22728777000522,44.711632860465556,447.1163286046556,4471.163286046556,0.0,9.313225746154785,False,False,True,
uptime-kuma,default,S1,min,20,2.452492209750001,2.4969876004666673,-0.07585161216666592,False,9.3e-08,0.1154825775,cache_bytes,,,,,0.0,9.313225746154785,,,,"cache build not shorter (dt <= 0): no break-even, the cache is dearer at any price"
uptime-kuma,default,S1,max,20,2.452492209750001,2.223034628924999,0.21468394811666752,True,0.2867700965,0.411202327,cache_bytes,0.7486273873631294,5.220883589908953,52.20883589908953,522.0883589908954,0.0,9.313225746154785,True,False,True,
uptime-kuma,default,S2,min,20,2.4276203807,2.497264846249999,-0.05761461411666649,False,9.3e-08,0.115483241,cache_bytes,,,,,0.0,9.313225746154785,,,,"cache build not shorter (dt <= 0): no break-even, the cache is dearer at any price"
uptime-kuma,default,S2,max,20,2.4276203807,2.6472768945833334,-0.20727713126666836,False,0.11555689,0.4110168805,cache_bytes,,,,,0.0,9.313225746154785,,,,"cache build not shorter (dt <= 0): no break-even, the cache is dearer at any price"
uptime-kuma,default,S3,min,20,2.4658518218499994,2.5823900383749994,-0.09638940116666675,False,9.3e-08,0.1154835245,cache_bytes,,,,,0.0,9.313225746154785,,,,"cache build not shorter (dt <= 0): no break-even, the cache is dearer at any price"
uptime-kuma,default,S3,max,20,2.4658518218499994,2.8751020003166663,-0.408869545491666,False,9.3e-08,0.4110210555,cache_bytes,,,,,0.0,9.313225746154785,,,,"cache build not shorter (dt <= 0): no break-even, the cache is dearer at any price"
