phase,project,variant,scenario,mode,n_builds,n_valid,n_failed,n_flagged,flag_counts,expected_n_cached,wall_s_median,wall_s_q1,wall_s_q3,wall_s_iqr,wall_s_mean,wall_s_sd,wall_s_min,wall_s_max,import_s_median,export_cache_s_median,export_image_s_median,exec_run_s_median,buildkit_span_s_median,builder_create_s_median,n_cached_median,cache_hit_ratio_median,net_rx_bytes_median,net_tx_bytes_median,pull_base_bytes_median,pull_cache_bytes_median,cache_bytes_median,cache_bytes_excl_base_median,image_size_bytes_median
measured,caddy,default,S0,max,20,20,0,0,{},8,6.115828411999956,5.560921831499968,6.621199494250021,1.0602776627500532,6.10739157449998,0.666868885219005,5.162110089999999,7.363601162000009,0.5723514999999999,0.9740095,3.686052,0.0,6.028487500000001,0.5363558869998997,8.0,1.0,66731119.5,235838.0,29830418.0,36439996.0,931557855.5,589252174.5,199023022.0
measured,caddy,default,S0,min,20,20,0,0,{},8,5.852137770500008,5.378441245749997,6.277936150249985,0.8994949044999885,5.818030960599981,0.569465599798495,4.899885649999987,6.701302105999957,0.554352,0.753285,3.6289015,0.0,5.7627725000000005,0.5339730119999899,8.0,1.0,66709067.5,199703.5,29830418.0,36439999.0,66272628.5,36442210.5,199023022.0
measured,caddy,default,S0,none,20,20,0,0,{},0,87.3321840655,85.22769045974994,90.73907202049995,5.51138156075001,88.14534559624997,5.615627277938677,79.862823542,97.675997086,,,5.0670874999999995,82.624506,87.23882549999999,0.4777462055000683,0.0,0.0,569182692.0,2122402.0,342305681.0,0.0,,,199023022.0
measured,caddy,default,S1,max,20,20,0,0,{},5,116.08563632549999,114.80323122149997,119.87544252824998,5.072211306750006,117.50221420065002,3.577685861974363,113.82317311400004,124.33995773800007,0.348269,25.344316,4.7186065,65.52971500000001,115.9725615,0.45095186050002667,5.0,0.625,719497012.0,225353828.0,342305681.0,373846179.5,931590064.0,589284383.0,199023022.0
measured,caddy,default,S1,min,20,20,0,0,{},1,98.13648512650002,95.41012469924993,99.25368984700015,3.843565147750212,97.61174625320001,3.00705004710586,93.06815297499998,103.71392149500002,0.3490945,2.8734885,4.7373855,78.7645225,98.0207465,0.4568723234999652,1.0,0.125,562353603.5,22512707.0,342305681.0,16264628.0,66272680.0,36442262.0,199023022.0
measured,caddy,default,S1,none,20,20,0,0,{},0,92.18403973349999,91.22993775124999,93.32903942649997,2.099101675249983,91.89153560639998,2.386117299709811,87.33504673300001,95.37106832300015,,,4.8340455,85.47397799999999,92.07463050000001,0.4609501029999592,0.0,0.0,568404393.0,1582488.5,342305681.0,0.0,,,199023022.0
measured,caddy,default,S2,max,20,20,0,0,{},4,118.26117701449994,113.11505596774998,119.17086240024992,6.055806432499935,114.29570843195002,8.006063291220338,99.76124081600005,120.54995717399993,0.6969495,28.236352,3.6657075,71.46993,118.15345149999999,0.5407633829998986,4.0,0.5,573091439.0,576989890.0,342305681.0,36440075.5,931558146.5,589252465.5,199023022.0
measured,caddy,default,S2,min,20,20,0,0,{},2,92.00052716150003,89.23265262800004,92.33917262799993,3.1065199999998896,89.2267728704,5.213089272666784,78.43506650799986,93.04519937999999,0.693763,1.028506,3.617829,75.9722555,91.89173299999999,0.5302144584999837,2.0,0.25,582707600.0,1808163.5,342305681.0,36440014.5,66273549.0,36443131.0,199023022.0
measured,caddy,default,S2,none,20,20,0,0,{},0,90.05547506350001,87.00146954749994,91.00666733775,4.005197790250065,87.65004011919997,5.1775656825290195,77.68879048999997,92.15170379799997,,,4.8691765,83.1000055,89.948003,0.5338133880000271,0.0,0.0,568545878.5,1656678.5,342305681.0,0.0,,,199023022.0
measured,caddy,default,S3,max,20,20,0,0,{},2,117.42176854899998,116.00487985174988,118.70101132850009,2.6961314767502103,117.5688415052,1.7375599691622807,115.18127604799997,121.74831827799994,0.3092875,25.615827,3.1873025000000004,77.7359485,117.314504,0.48483527100000856,2.0,0.25,583077700.5,577542397.5,342305681.0,36439977.0,931559390.5,589253709.5,199023022.0
measured,caddy,default,S3,min,20,20,0,0,{},2,92.7819712080001,92.20506020275005,93.36556577074995,1.1605055679999055,93.03971591710004,1.231759978572131,91.14668465099999,95.85950911900022,0.3117565,1.5607425,3.1953055,78.3088505,92.6730495,0.4544761870000116,2.0,0.25,582458529.0,1631206.5,342305681.0,36439989.5,66273657.0,36443239.0,199023022.0
measured,caddy,default,S3,none,20,20,0,0,{},0,92.64622111699993,91.87709176400014,93.08759140774998,1.2104996437498414,92.39971085455004,1.2435560752913395,90.066264391,94.88344163900001,,,4.7944335,85.72691900000001,92.542075,0.4395989195000709,0.0,0.0,568363219.5,1553853.5,342305681.0,0.0,,,199023022.0
measured,netbox,default,S0,max,20,20,0,0,{},10,22.36444418000002,21.27595483899985,22.897134537000042,1.6211796980001907,21.854816428899987,1.549725386853466,18.477631926999948,23.81748609100009,0.4096895,0.7784265,20.159285,0.0,22.2554865,0.4515708385000039,10.0,1.0,189653402.5,453814.5,46220071.0,142276178.0,444760178.0,398540107.0,638175368.5
measured,netbox,default,S0,min,20,20,0,0,{},10,22.33894501749998,21.139306829500015,22.63936492775008,1.500058098250065,21.7268083114,1.4922023022876079,18.57162313499998,23.71308910999994,0.393523,0.617836,20.0592975,0.0,22.2291505,0.44341219799991904,10.0,1.0,189475743.5,383053.0,46220071.0,142275790.0,188499001.0,142278930.0,638175374.5
measured,netbox,default,S0,none,20,20,0,0,{},0,126.33933701000001,111.52375661125009,131.74199251524993,20.21823590399984,119.67246201409998,15.231792596554499,93.48757813499992,132.89714282699993,,,29.360177,87.68305900000001,126.236168,0.3735517470000218,0.0,0.0,240373818.0,857230.5,46220071.0,0.0,,,638175361.5
measured,netbox,default,S1,max,20,20,0,0,{},7,79.29139143600003,78.51768219399992,82.85455275225002,4.336870558250098,80.71139813209999,3.9505791731018376,74.61333860600007,88.76267016500015,0.4789455,6.6022095,23.5665915,17.025648,79.1806755,0.4815205329999799,7.0,0.7,335874498.0,116215139.5,46220071.0,287732463.0,444761503.0,398541432.0,638175407.0
measured,netbox,default,S1,min,20,20,0,0,{},2,137.43652070849976,132.63336529649987,139.1384659494999,6.505100653000028,133.98014792054997,7.744242401648133,120.05539465799984,140.73273769600019,0.471113,4.0080505,30.106319499999998,86.97747,137.32738799999998,0.5119282029999965,2.0,0.2,230546649.0,147909621.0,46220071.0,1271363.5,188499544.0,142279473.0,638175397.5
measured,netbox,default,S1,none,20,20,0,0,{},0,132.13030343899982,128.7136049432501,133.20783365975012,4.494228716500032,128.7739223946,8.127778064842865,111.95556930500015,136.54847755699984,,,30.1146875,90.6502485,132.023162,0.47457231499981845,0.0,0.0,240359811.0,832259.0,46220071.0,0.0,,,638175395.0
measured,netbox,default,S2,max,20,20,0,0,{},4,134.94803950250002,123.04295813199997,143.12411757550007,20.0811594435001,130.13954806169997,15.240033894875925,104.47606257400003,147.9445963539997,0.5877435,15.762481999999999,28.742509499999997,67.7516765,134.842577,0.49567527049998716,4.0,0.4,251300623.5,289736990.0,46220071.0,118417330.0,444759264.5,398539193.5,638175426.0
measured,netbox,default,S2,min,20,20,0,0,{},2,129.51764049400003,117.01183570399996,138.92184325124992,21.91000754724996,126.03744498829994,15.428935368781795,101.81154106099984,148.22132091899994,0.5424154999999999,4.1315495,28.837343,79.58611049999999,129.42309899999998,0.5396441965000349,2.0,0.2,230464304.0,147295207.0,46220071.0,1271357.0,188499100.0,142279029.0,638175424.5
measured,netbox,default,S2,none,20,20,0,0,{},0,123.1120538815,108.90367966024985,131.89499692124966,22.991317260999807,119.06360832629996,15.090055330966605,96.07459799200001,135.71265186999972,,,29.061342,83.3469105,123.01646749999999,0.5312875864999,0.0,0.0,240326837.5,801264.0,46220071.0,0.0,,,638175419.5
measured,netbox,default,S3,max,20,20,0,0,{},2,137.3333848005002,114.586570288,156.6681979409998,42.081627652999785,136.0577954897,21.69669895545582,110.66838567800005,160.61735020599997,0.5167675,17.3860175,27.130381999999997,77.477238,137.2365475,0.513803456499943,2.0,0.2,231118705.0,405746141.5,46220071.0,1271330.5,444759481.0,398539410.0,638175370.5
measured,netbox,default,S3,min,20,20,0,0,{},2,123.37119329349986,104.69157934575003,140.76662251300002,36.07504316724999,123.00342869619995,18.94851601587147,100.06547667899997,143.87073203199998,0.505494,3.7623420000000003,27.045610500000002,76.9724655,123.273469,0.5139637545000824,2.0,0.2,230725582.0,144519723.5,46220071.0,1271360.0,188499048.0,142278977.0,638175372.0
measured,netbox,default,S3,none,20,20,0,0,{},0,118.56534529499993,99.07601563299994,135.22989517774988,36.15387954474994,117.17654390644994,18.699930499916707,96.37988954000002,136.88618815099971,,,27.1268495,80.868165,118.4676485,0.5252985770000578,0.0,0.0,240502794.5,876195.0,46220071.0,0.0,,,638175359.0
measured,synthetic,large-long,S0,max,20,20,0,0,{},9,11.568675416500014,10.554030627999992,14.322706321249996,3.768675693250003,12.259379157250004,2.4164717451057594,8.262501802000031,16.69193306599999,0.487127,0.8391085,9.563398,0.0,11.4115875,0.43757100599998466,9.0,1.0,316762971.5,844086.5,46220071.0,268517845.0,1389108326.5,1342888255.5,396017746.0
measured,synthetic,large-long,S0,min,20,20,0,0,{},9,12.763166801999944,10.04724699225008,14.929525577500002,4.882278585249921,12.574135261950005,2.982513282035417,8.252273714000012,19.208993373,0.5045634999999999,0.7103065,10.902465,0.0,12.675259,0.4663066825000328,9.0,1.0,316960721.5,1054510.0,46220071.0,268517845.5,314740570.5,268520499.5,396017746.0
measured,synthetic,large-long,S0,none,20,20,0,0,{},0,89.40201050849998,80.2370227,107.62839516549997,27.39137246549997,97.55562897444997,22.031369661715846,77.20966268400002,133.175507971,,,10.241996499999999,75.334506,89.310854,0.4714883760000532,0.0,0.0,46595276.0,268275.0,46220071.0,0.0,,,396017746.0
measured,synthetic,large-long,S1,max,20,20,0,0,{},5,92.56558793449994,86.36953802450012,95.07047237599991,8.700934351499797,87.71470073875001,12.456275784774865,63.38387533700006,101.78440250800003,0.647516,14.451576,10.6417965,57.730896,92.46720099999999,0.4538622654999358,5.0,0.5555555555555556,587709216.5,833591912.5,46220071.0,537330997.5,1389108353.0,1342888282.0,396017746.0
measured,synthetic,large-long,S1,min,20,20,0,0,{},1,138.67381082150007,122.62482968849999,144.5357877582499,21.910958069749924,128.08768680165005,25.69043754790787,83.650172011,154.53006117400014,0.652983,7.6365479999999994,10.631357000000001,116.4766965,138.570664,0.46157906500002355,1.0,0.1111111111111111,46859920.5,278861462.5,46220071.0,92.5,314740569.0,268520498.0,396017746.0
measured,synthetic,large-long,S1,none,20,20,0,0,{},0,129.3400893549998,114.26206353925008,133.53018889125013,19.268125352000055,117.93209882535002,23.562074361549552,77.65014324900017,135.808949031,,,10.65128,115.476438,129.2414905,0.47427365100008956,0.0,0.0,46590884.5,272786.0,46220071.0,0.0,,,396017746.0
measured,synthetic,large-long,S2,max,20,20,0,0,{},3,121.26680930350017,120.38767066349999,122.54398711100009,2.156316447500103,121.34135127745003,1.9239557186515752,116.40795310299973,124.62620361299992,0.2588945,14.4321905,10.646936,89.6192925,121.16286500000001,0.42244349099996725,3.0,0.3333333333333333,317342481.5,1120517194.0,46220071.0,268813008.0,1389108371.5,1342888300.5,396017746.0
measured,synthetic,large-long,S2,min,20,20,0,0,{},1,137.75070043950006,136.74058813750003,138.21024447699997,1.4696563394999487,137.41442591045006,1.909174989408691,131.07318659800012,139.96330714200008,0.26225699999999996,4.745502,10.680058500000001,119.400419,137.64405,0.37229731849993186,1.0,0.1111111111111111,46814553.5,280549205.5,46220071.0,93.0,314740572.0,268520501.0,396017746.0
measured,synthetic,large-long,S2,none,20,20,0,0,{},0,132.1907030015002,130.78878344549997,132.67850259775003,1.889719152250052,131.33470956080004,2.914931276729914,126.1236627159999,135.0229774039999,,,10.7357925,119.056919,132.08948750000002,0.4123341784998047,0.0,0.0,46582286.5,251982.5,46220071.0,0.0,,,396017746.0
measured,synthetic,large-long,S3,max,20,20,0,0,{},2,151.40501458200004,142.40374061199998,155.85965051899998,13.455909907000006,146.92881905315002,12.006057419288968,126.67637725299994,158.91955944899996,0.6806305,19.7412535,13.199568,117.345493,151.30753850000002,0.4781774925000377,2.0,0.2222222222222222,318097251.0,1115204142.5,46220071.0,268517844.5,1389109619.0,1342889548.0,396017746.0
measured,synthetic,large-long,S3,min,20,20,0,0,{},2,134.62002428999983,126.717753088,136.79825681925,10.080503731250019,129.58331971295001,11.69140583232733,109.46694113600006,140.3594070559999,0.694887,1.6393835,13.620074500000001,117.55455,134.5203405,0.4604647884998485,2.0,0.2222222222222222,316898528.0,1184077.0,46220071.0,268517844.5,314741857.5,268521786.5,396017746.0
measured,synthetic,large-long,S3,none,20,20,0,0,{},0,133.08531723700003,125.23206052575006,133.93719602350012,8.705135497750064,126.53658531795,12.424072866139667,104.57434913500015,135.167401827,,,11.05007,117.3364785,132.980287,0.44907813849994227,0.0,0.0,46576182.5,240756.0,46220071.0,0.0,,,396017746.0
measured,synthetic,large-short,S0,max,20,20,0,0,{},9,10.82652690750001,9.175188428500022,13.38109773550002,4.205909306999999,11.448060208950002,2.9981595824731677,7.572574262999979,17.083033908000004,0.49222449999999995,0.9253985,8.996764,0.0,10.7487615,0.4378583919999812,9.0,1.0,316294445.5,521483.5,46220071.0,268517847.5,1389108310.5,1342888239.5,396017746.0
measured,synthetic,large-short,S0,min,20,20,0,0,{},9,10.712584046499984,8.892442280000012,13.493886351999983,4.601444071999971,11.033330082499997,2.512562261834727,7.337857057999997,15.158035891000054,0.4786355,0.669098,9.058305,0.0,10.592943,0.43333588050001026,9.0,1.0,316111668.0,462594.5,46220071.0,268517849.5,314740579.5,268520508.5,396017746.0
measured,synthetic,large-short,S0,none,20,20,0,0,{},0,22.154922865500055,21.64762896549999,23.86634174925007,2.218712783750078,23.170166879400007,2.2309470488564274,21.243006826999988,28.28438853800003,,,10.651516,8.816516499999999,22.0555095,0.42189164900000264,0.0,0.0,46513328.5,156024.0,46220071.0,0.0,,,396017746.0
measured,synthetic,large-short,S1,max,20,20,0,0,{},5,38.80955634649999,36.62431237500002,41.95234917625001,5.3280368012499935,38.74464031195,3.947035632725024,32.018284335999965,44.33920680100002,0.4710645,12.2500565,10.717629500000001,4.2500160000000005,38.7158885,0.4717666230000077,5.0,0.5555555555555556,586796391.0,840932499.5,46220071.0,537330961.5,1389108319.0,1342888248.0,396017746.0
measured,synthetic,large-short,S1,min,20,20,0,0,{},1,31.0798380115,29.36227480324999,32.21894006149997,2.8566652582499827,30.620764707549984,2.2455440741734782,26.901588936999985,33.52734081099999,0.46370449999999996,5.9117180000000005,10.816616,8.998917,30.9998925,0.44549156200002926,1.0,0.1111111111111111,46732433.5,280139345.5,46220071.0,92.5,314740575.0,268520504.0,396017746.0
measured,synthetic,large-short,S1,none,20,20,0,0,{},0,22.7143426585,21.904970565,23.524543197499998,1.6195726324999988,23.035882767300006,1.341956798709068,21.550438256999996,26.121298221000018,,,10.787955499999999,8.671416,22.6093065,0.42711450399997375,0.0,0.0,46506430.0,160100.0,46220071.0,0.0,,,396017746.0
measured,synthetic,large-short,S2,max,20,20,0,0,{},3,40.33074538599999,37.37470670325,44.734760984499985,7.360054281249987,40.5701668961,4.1327310035087725,34.40676750399996,46.90409599099999,0.48529,14.904067000000001,10.646777499999999,6.322247,40.259671,0.4255874815000027,3.0,0.3333333333333333,318156938.5,1105273182.5,46220071.0,268812984.0,1389108338.5,1342888267.5,396017746.0
measured,synthetic,large-short,S2,min,20,20,0,0,{},1,29.544250266000034,26.819141659500005,31.221287133250016,4.402145473750011,29.299606137900007,2.5097623240305227,25.933384304999976,32.93580622900001,0.45162199999999997,5.3532455,10.641316,8.968535,29.4554585,0.4504494569999906,1.0,0.1111111111111111,46937385.5,276018616.0,46220071.0,93.0,314740572.0,268520501.0,396017746.0
measured,synthetic,large-short,S2,none,20,20,0,0,{},0,22.25542594049999,21.523469138499998,23.492354942500008,1.96888580400001,23.065269894250005,2.7530319387451003,20.452251687,33.018113569000036,,,10.7562395,8.548808999999999,22.1556885,0.4226398115000052,0.0,0.0,46516076.0,154297.0,46220071.0,0.0,,,396017746.0
measured,synthetic,large-short,S3,max,20,20,0,0,{},2,39.23979082899996,37.513790005000004,42.357208776000036,4.843418771000032,40.032698087050015,4.834083734604652,32.99811307499999,49.45447893900001,0.42138050000000005,17.778547500000002,8.4128135,9.8459565,39.132725,0.4071610510000312,2.0,0.2222222222222222,317096030.5,1120829190.0,46220071.0,268517849.5,1389109599.0,1342889528.0,396017746.0
measured,synthetic,large-short,S3,min,20,20,0,0,{},2,22.775582157000002,20.49018049899999,26.690683581750015,6.200503082750025,23.551003323849994,3.823031169703231,17.899848641999995,31.027189098999997,0.4415995,1.3850015,8.855561999999999,9.7754855,22.6882195,0.42787565849999964,2.0,0.2222222222222222,316190904.0,557814.0,46220071.0,268517851.0,314741864.0,268521793.0,396017746.0
measured,synthetic,large-short,S3,none,20,20,0,0,{},0,23.317464172,22.27532796025001,25.28850381999999,3.0131758597499783,23.771232466000004,1.7950534245467327,21.581641244999986,26.858226932999997,,,11.099915,9.367213,23.217799499999998,0.441920137000011,0.0,0.0,46487319.5,123922.0,46220071.0,0.0,,,396017746.0
measured,synthetic,small-long,S0,max,20,20,0,0,{},9,4.383553221499994,4.234140121249993,4.727335974000027,0.4931958527500342,4.452195572649998,0.3721781612553524,3.9089634460000298,5.21481312200001,0.4005225,0.7562424999999999,2.574246,0.0,4.2634105,0.46452396599997314,9.0,1.0,47576770.5,154294.0,46220071.0,1049322.0,50716352.5,4496281.5,128630866.0
measured,synthetic,small-long,S0,min,20,20,0,0,{},9,4.2367914944999825,3.918933868499977,4.592438476749919,0.6735046082499423,4.273182008599986,0.3796660625604922,3.6949462169999947,4.942130957000018,0.3827085,0.6548645,2.5627955,0.0,4.139094999999999,0.4045460214999821,9.0,1.0,47575012.0,144189.0,46220071.0,1049322.0,47272047.0,1051976.0,128630866.0
measured,synthetic,small-long,S0,none,20,20,0,0,{},0,109.59438198550001,99.15169156925005,113.87583498975002,14.72414342049997,106.21369277575002,11.534396250462269,87.15570951900008,119.31676079500005,,,2.2326195,105.1435995,109.4974745,0.44699429950000535,0.0,0.0,46561474.0,230447.5,46220071.0,0.0,,,128630866.0
measured,synthetic,small-long,S1,max,20,20,0,0,{},5,64.531186695,61.3985879455,66.41393270274983,5.015344757249835,62.387644491,5.89006561576673,51.85676926300005,69.652421839,0.457729,3.18612,2.1659385,56.972123,64.42543900000001,0.4517383799999948,5.0,0.5555555555555556,49014874.5,2402814.0,46220071.0,2393819.0,50716381.5,4496310.5,128630866.0
measured,synthetic,small-long,S1,min,20,20,0,0,{},1,121.59301289099994,114.42937450925004,123.39229402675005,8.962919517500012,115.66029887485001,12.68184223915791,93.22345559500008,126.44755292999997,0.463868,2.860698,2.167846,114.5703265,121.4896925,0.4680400309998731,1.0,0.1111111111111111,46631616.0,1349639.5,46220071.0,92.5,47272048.0,1051977.0,128630866.0
measured,synthetic,small-long,S1,none,20,20,0,0,{},0,118.94489483449996,111.07569180274993,120.05490470749999,8.979212904750057,112.40902948204999,13.228010229615148,89.25552269700006,123.35444294600006,,,2.161962,114.941963,118.8419495,0.4947734469999716,0.0,0.0,46561359.5,227659.0,46220071.0,0.0,,,128630866.0
measured,synthetic,small-long,S2,max,20,20,0,0,{},3,95.64859029299998,88.79957374574997,96.36273734099996,7.563163595249989,89.91405227,10.89907382223951,71.13846971299995,98.15895035100004,0.39813149999999997,3.8886075,2.1295895,86.43717,95.556845,0.40339378250007485,3.0,0.3333333333333333,47984691.5,3489476.0,46220071.0,1344349.0,50716390.0,4496319.0,128630866.0
measured,synthetic,small-long,S2,min,20,20,0,0,{},1,123.61332090100001,115.42083717675001,124.4263751869999,9.005538010249893,116.33340174175001,13.996946624542908,92.06207422399996,128.12378796100006,0.4695355,2.6823735,2.1206485,115.77877749999999,123.51726,0.43240522749999855,1.0,0.1111111111111111,46642489.0,1372946.0,46220071.0,93.0,47272051.0,1051980.0,128630866.0
measured,synthetic,small-long,S2,none,20,20,0,0,{},0,119.82437852200002,111.12504032524993,120.38633865150007,9.261298326250142,112.04928973185001,14.227488734623227,87.31789965600001,121.15661867200004,,,2.12312,115.3065385,119.7251815,0.4093273824999528,0.0,0.0,46572032.5,241374.0,46220071.0,0.0,,,128630866.0
measured,synthetic,small-long,S3,max,20,20,0,0,{},2,99.78167931399997,70.98287056125,125.96418545699987,54.981314895749875,101.12612504514998,32.87255656966146,68.51501305300008,178.39907731099993,0.584424,4.697888000000001,2.4795195000000003,90.1697365,99.690568,0.415563782999925,2.0,0.2222222222222222,47748193.0,4855355.5,46220071.0,1049322.0,51766879.5,5546808.5,128630866.0
measured,synthetic,small-long,S3,min,20,20,0,0,{},2,96.20537110050009,66.98352951275002,122.91741583099991,55.93388631824989,95.2928670185,28.741109588144305,65.67223952900008,126.43332567400012,0.5985685000000001,0.9906965000000001,2.4708259999999997,89.37781849999999,96.1155945,0.4175640764998434,2.0,0.2222222222222222,47720047.0,292400.0,46220071.0,1049322.0,47273345.5,1053274.5,128630866.0
measured,synthetic,small-long,S3,none,20,20,0,0,{},0,93.35678105150005,64.41599408875001,119.74577679524998,55.32978270649997,92.3613183761,28.37055372639179,62.77075369099998,121.548592972,,,2.079478,89.1146845,93.26083700000001,0.4303439390000108,0.0,0.0,46592712.5,237422.5,46220071.0,0.0,,,128630866.0
measured,synthetic,small-short,S0,max,20,20,0,0,{},9,4.866968870499996,3.48910278475001,5.083808828250014,1.594706043500004,4.346252669849998,0.8089416675672007,3.3031630769999794,5.3104581740000185,0.4172405,1.0500465,2.3366540000000002,0.0,4.763081,0.4176754229999915,9.0,1.0,47557327.5,129362.0,46220071.0,1049324.0,50716353.0,4496282.0,128630866.0
measured,synthetic,small-short,S0,min,20,20,0,0,{},9,4.178459658000001,3.404535253000006,4.911701821500003,1.507166568499997,4.167157078450002,0.8250327965048625,3.1831430590000025,5.225308548000001,0.4188695,0.7002435,2.36307,0.0,4.078156,0.43846298599999045,9.0,1.0,47549829.5,127681.0,46220071.0,1049323.5,47272048.5,1051977.5,128630866.0
measured,synthetic,small-short,S0,none,20,20,0,0,{},0,8.461375483499992,8.205743208499989,8.832303094999993,0.6265598865000044,8.506163828899991,0.3283388257581717,8.05390964999998,9.021892352999998,,,2.1501124999999996,4.316203,8.362221,0.41539355899999464,0.0,0.0,46461609.5,99805.0,46220071.0,0.0,,,128630866.0
measured,synthetic,small-short,S1,max,20,20,0,0,{},5,9.914403114500047,9.568168319749972,10.171763091500026,0.6035947717500534,9.785125815550005,0.5375165838121895,8.78629640600002,10.527513014999997,0.485973,3.0602615,2.051081,1.5934585,9.8176655,0.4621303070000238,5.0,0.5555555555555556,48992225.0,2315079.5,46220071.0,2393806.0,50716368.5,4496297.5,128630866.0
measured,synthetic,small-short,S1,min,20,20,0,0,{},1,11.411246265999992,10.717674502250013,11.632676545499958,0.9150020432499453,11.147538287199996,0.6455973690510182,9.997145984000042,11.938891486999992,0.4603215,2.8480594999999997,2.0485865,3.5748610000000003,11.318936,0.45032755250000633,1.0,0.1111111111111111,46556224.0,1231129.5,46220071.0,92.5,47272048.0,1051977.0,128630866.0
measured,synthetic,small-short,S1,none,20,20,0,0,{},0,7.77949942299999,6.534657116999988,8.418351296249995,1.883694179250007,7.517548493599992,0.9429910405009201,6.251543061000007,8.539537214999996,,,2.0596285,3.3931575,7.6929669999999994,0.42641876949999613,0.0,0.0,46498816.5,122588.0,46220071.0,0.0,,,128630866.0
measured,synthetic,small-short,S2,max,20,20,0,0,{},3,12.399486383500033,10.991896123500002,12.968812184250016,1.976916060750014,12.257666915700003,1.3551169588338783,10.587144561999992,14.536981036,0.463333,3.990559,2.192285,3.0951424999999997,12.301165000000001,0.4074135159999912,3.0,0.3333333333333333,47910092.5,3392030.5,46220071.0,1344342.5,50716391.0,4496320.0,128630866.0
measured,synthetic,small-short,S2,min,20,20,0,0,{},1,11.69435755349999,10.826559373750001,13.016357547749976,2.189798173999975,11.88207458555,1.4700233992472924,9.908343187000014,14.029538345999995,0.4143735,2.7230305,2.1803405,4.4183155,11.5886825,0.3940503054999738,1.0,0.1111111111111111,46572356.0,1243037.5,46220071.0,93.0,47272047.0,1051976.0,128630866.0
measured,synthetic,small-short,S2,none,20,20,0,0,{},0,8.575284969000023,7.833633546250013,8.935697263999991,1.102063717749978,8.187575415000001,1.0786571317882832,6.329342967000002,9.21551564699999,,,2.190773,4.327901000000001,8.471708,0.4130715489999943,0.0,0.0,46494860.5,125569.5,46220071.0,0.0,,,128630866.0
measured,synthetic,small-short,S3,max,20,20,0,0,{},2,12.35688389749999,11.898099375250041,12.89033703199992,0.9922376567498787,12.585289257200007,1.064731008621099,11.250192175999985,14.617159076000007,0.5349875,4.270220999999999,2.1515705,3.6280289999999997,12.2656665,0.4284968864999712,2.0,0.2222222222222222,47649311.5,4799537.0,46220071.0,1049324.0,51766873.5,5546802.5,128630866.0
measured,synthetic,small-short,S3,min,20,20,0,0,{},2,9.497873900500025,8.745913084500039,10.288236406500001,1.5423233219999624,9.63106329150001,1.1910154451578543,7.906513466000007,11.852368941000009,0.59672,1.0190000000000001,2.177213,3.6679505000000003,9.225863,0.4064754094999721,2.0,0.2222222222222222,47641745.0,178612.0,46220071.0,1049323.5,47273341.5,1053270.5,128630866.0
measured,synthetic,small-short,S3,none,20,20,0,0,{},0,8.20587587300001,6.460181477999981,8.672918891249992,2.212737413250011,10.500977596249983,13.095041510693104,6.271189029999988,65.972004911,,,2.04799,3.3867135,8.102699999999999,0.4057247194999718,0.0,0.0,46506702.0,128221.0,46220071.0,0.0,,,128630866.0
measured,uptime-kuma,default,S0,max,20,20,0,0,{},8,11.674696382999969,10.954110154000006,12.456379677750022,1.5022695237500159,11.683691442199976,0.8338522871252247,10.347812303999945,12.653646851999952,0.380847,0.7044745,9.9570305,0.0,11.579521,0.44028090450007085,8.0,1.0,116071567.0,252560.5,72967928.0,42512273.5,411009431.5,338041503.5,357829170.0
measured,uptime-kuma,default,S0,min,20,20,0,0,{},8,11.739626343499936,11.047301149749998,12.561451839999876,1.5141506902498776,11.802396781699997,0.8709394453910432,10.431252147999999,13.017096617999982,0.36702650000000003,0.6214395,10.111531,0.0,11.6469105,0.4501526479999711,8.0,1.0,116071187.0,248203.0,72967928.0,42512323.5,115482661.0,42514733.0,357829153.5
measured,uptime-kuma,default,S0,none,20,20,0,0,{},0,121.95009987250003,95.94301997949995,150.37142017725,54.42840019775005,122.80730945505002,27.57888808931747,93.95945973000005,154.25239521899994,,,14.2510285,99.8554785,121.853985,0.4025068114999897,0.0,0.0,272221357.0,1722169.0,72967928.0,0.0,,,357829167.0
measured,uptime-kuma,default,S1,max,20,20,0,0,{},5,133.38207773549993,127.36299280625002,136.77850417550007,9.415511369250055,130.50558442764998,8.276219835350375,113.78314424899986,138.73740870600022,0.517104,4.2099445,16.316067,86.0839455,133.27290299999999,0.5258785519999947,5.0,0.625,361849491.0,54330196.5,72967928.0,286770096.5,411202327.0,338234399.0,357829202.0
measured,uptime-kuma,default,S1,min,20,20,0,0,{},1,149.81925602800004,145.14119180824994,154.52656523250008,9.385373424250133,147.84558561205,9.202755429509674,130.15093906100014,160.95577055800004,0.5402855,3.5314474999999996,16.266624,120.69694000000001,149.7155975,0.5139405930000294,1.0,0.125,272089322.0,45983401.0,72967928.0,93.0,115482577.5,42514649.5,357829191.0
measured,uptime-kuma,default,S1,none,20,20,0,0,{},0,147.14953258500003,141.17754861500003,148.9497379035,7.772189288499959,143.49379293200002,8.467898106510287,127.48206509299996,151.62665137000022,,,16.36134,121.79130699999999,147.043332,0.51771008049991,0.0,0.0,271916851.0,1699520.0,72967928.0,0.0,,,357829205.0
measured,uptime-kuma,default,S2,max,20,20,0,0,{},3,158.83661367500002,153.26090443975022,160.62609717424994,7.365192734499715,154.4714120015,10.446930180347232,133.93827091699995,166.652272779,0.2833485,20.507989000000002,16.2117365,108.676682,158.7308835,0.4726588570001695,3.0,0.375,291309555.5,233891143.0,72967928.0,115556890.0,411016880.5,338048952.5,357829206.0
measured,uptime-kuma,default,S2,min,20,20,0,0,{},1,149.83589077499994,145.51701429374998,151.12266906974986,5.605654775999881,145.52058377424993,9.032954667843756,127.26685332699992,152.18859495800007,0.2722065,3.0208015,16.1639665,120.97050100000001,149.7291815,0.4830818044999319,1.0,0.125,272229356.0,46038701.0,72967928.0,93.0,115483241.0,42515313.0,357829210.0
measured,uptime-kuma,default,S2,none,20,20,0,0,{},0,145.657222842,140.69107699549983,147.01481935649994,6.323742361000114,141.63109319574997,9.602615135500368,123.01091523399964,151.2247235960001,,,16.211982,120.7715145,145.552705,0.4806852555001342,0.0,0.0,272284153.5,1704086.0,72967928.0,0.0,,,357829206.0
measured,uptime-kuma,default,S3,max,20,20,0,0,{},1,172.50612001899998,169.68275690950009,174.83178710400023,5.149030194500142,172.35191924830002,4.1112693760129995,165.38776853499996,179.45030771699987,0.6930400000000001,23.406643000000003,16.263134,122.871768,172.3957605,0.5100060784999982,1.0,0.125,272312297.0,353326531.0,72967928.0,93.0,411021055.5,338053127.5,357829185.0
measured,uptime-kuma,default,S3,min,20,20,0,0,{},1,154.94340230249998,150.87076421075,156.37713519049993,5.506370979749931,154.79098793564995,7.427544823659067,145.91518161,181.57023664300004,0.6954735000000001,4.0202035,16.3609745,123.800276,154.834554,0.48717274499995256,1.0,0.125,271977031.5,45960932.5,72967928.0,93.0,115483524.5,42515596.5,357829178.0
measured,uptime-kuma,default,S3,none,20,20,0,0,{},0,147.95110931099998,145.07120363325004,149.565927331,4.494723697749976,147.2916478526,3.6029045730638396,141.01597311500018,153.91343791999998,,,16.270379499999997,122.6705265,147.83902799999998,0.4820114835000595,0.0,0.0,272132959.5,1693756.0,72967928.0,0.0,,,357829170.0
seed,caddy,default,S0,max,4,4,0,0,{},0,118.04206139150003,116.17497347999998,119.96529078325005,3.7903173032500774,118.09820287175002,4.331327836171069,112.90752540000003,123.401163304,,27.1807105,5.158865499999999,87.1280895,117.943978,0.6776068055000195,0.0,0.0,570564282.0,599572385.0,342305681.0,0.0,931557855.5,589252174.5,199023022.0
seed,caddy,default,S0,min,4,4,0,0,{},0,97.2188692625,95.59175985374998,98.48051396575002,2.8887541120000435,96.853404557,3.021829303025684,92.896407264,100.079472439,,3.581348,5.4094394999999995,89.511239,97.1219135,0.7384277395000041,0.0,0.0,569835217.5,39592307.0,342305681.0,0.0,66272628.5,36442210.5,199023022.0
seed,caddy,default,S1,max,4,4,0,0,{},0,119.034508939,117.64461436075001,120.78226068525001,3.137646324499997,119.39236610700002,3.060701174923112,116.144102764,123.35634378600002,,27.421825,4.8727575000000005,85.56367750000001,118.92164299999999,0.5120106154999959,0.0,0.0,569322509.0,611735749.5,342305681.0,0.0,931556996.5,589251315.5,199023022.0
seed,caddy,default,S1,min,4,4,0,0,{},0,95.6147817605,93.79222994324999,97.26548218149999,3.473252238249998,95.44293036425,3.2885505754961297,91.38211322999999,99.16004470600001,,3.0369599999999997,4.829342,85.6600555,95.5030605,0.4871007819999953,0.0,0.0,568724598.0,39439881.5,342305681.0,0.0,66272678.5,36442260.5,199023022.0
seed,caddy,default,S2,max,4,4,0,0,{},0,120.29970021749997,117.02011290924997,121.00232986649996,3.982216957249989,117.72274255824996,7.048605962343382,107.320140697,122.9714291009999,,29.167485,4.8348355000000005,83.17042000000001,120.190098,0.498951863500011,0.0,0.0,569458694.0,614049337.0,342305681.0,0.0,931557737.5,589252056.5,199023022.0
seed,caddy,default,S2,min,4,4,0,0,{},0,95.53593335900004,92.10720436625004,96.245764023,4.138559656749962,92.81703503025001,6.91445687491451,82.55694461899998,97.639328784,,3.77842,4.8757335,84.0596745,95.4285645,0.5525349390000045,0.0,0.0,569278285.5,39645497.0,342305681.0,0.0,66272644.0,36442226.0,199023022.0
seed,caddy,default,S3,max,4,4,0,0,{},0,118.61616209050001,117.62390593375001,120.09310455175,2.469198617999993,119.10084839500001,1.9641711985235706,117.482191651,121.68887774800001,,25.243547,4.821324499999999,85.668158,118.506787,0.4107980490000074,0.0,0.0,569184408.0,614740092.0,342305681.0,0.0,931559003.0,589253322.0,199023022.0
seed,caddy,default,S3,min,4,4,0,0,{},0,95.8183230325,94.77375343575001,96.61711784299999,1.8433644072499789,95.57254824625001,1.4608941069180839,93.713440398,96.94010652200001,,2.897724,4.7499725,85.5661585,95.70597599999999,0.5191397394999946,0.0,0.0,568481658.5,39602537.0,342305681.0,0.0,66272619.0,36442201.0,199023022.0
seed,netbox,default,S0,max,4,4,0,0,{},0,147.64315839949998,137.05092423274994,150.26246832375003,13.211544091000093,139.67023415699998,18.985975088432582,111.465996383,151.92862344600002,,18.0538785,29.6932105,89.2038665,147.53265950000002,0.5059148630000152,0.0,0.0,240963745.0,411432650.5,46220071.0,0.0,444760178.0,398540107.0,638175368.5
seed,netbox,default,S0,min,4,4,0,0,{},0,130.65621991249998,121.05960575174996,135.1364438735,14.076838121750058,125.53982971274999,15.45699837639417,103.32226365,137.524615376,,3.652809,29.394809000000002,88.318995,130.549282,0.593993552000029,0.0,0.0,241026548.5,147407881.5,46220071.0,0.0,188499001.0,142278930.0,638175374.5
seed,netbox,default,S1,max,4,4,0,0,{},0,151.64424966,148.40040794225004,152.97968900700002,4.579281064749978,149.73584728925002,7.5439544794581535,138.99164844800003,156.663241389,,19.144469,30.427164,91.572429,151.5389155,0.5130296679999873,0.0,0.0,240542567.5,415985427.0,46220071.0,0.0,444760575.5,398540504.5,638175373.5
seed,netbox,default,S1,min,4,4,0,0,{},0,135.33888078950002,131.98633312225002,136.6663590715,4.680025949249995,133.31381140425,6.990079768895222,123.232620382,139.34486365600003,,3.820814,30.193318,90.5927495,135.2272455,0.5557545215000061,0.0,0.0,241121048.5,149257704.5,46220071.0,0.0,188499660.0,142279589.0,638175363.0
seed,netbox,default,S2,max,4,4,0,0,{},0,144.48174075149996,132.2236550645,151.73758507899996,19.513930014499948,139.47949939199998,16.838727422135356,116.40913758800002,152.54537847699999,,19.0269455,29.3906115,82.94339,144.3792295,0.6740109459999815,0.0,0.0,240871880.0,411856738.5,46220071.0,0.0,444759219.5,398539148.5,638175371.5
seed,netbox,default,S2,min,4,4,0,0,{},0,126.89976715699999,115.10991866925,135.158286047,20.048367377749983,123.36843755925,16.30210967626449,101.98436760300001,137.68984832,,4.2964335,29.111428500000002,81.776371,126.8045505,0.5762329775000126,0.0,0.0,241299856.5,147322334.5,46220071.0,0.0,188499254.0,142279183.0,638175373.0
seed,netbox,default,S3,max,4,4,0,0,{},0,136.059165329,117.387310431,155.05597706224998,37.66866663124998,136.38412216425002,22.27373771394252,116.575470123,156.84268787599999,,17.9844155,27.6545135,79.136282,135.95701,0.7486882484999953,0.0,0.0,241158101.5,406932359.0,46220071.0,0.0,444760392.0,398540321.0,638175352.5
seed,netbox,default,S3,min,4,4,0,0,{},0,121.431863916,102.47422665575002,139.99891891174997,37.52469225599995,121.04128165149999,22.39794827670051,100.10503975399999,141.19635902,,4.017094500000001,27.117100999999998,79.7658155,121.3362165,0.5935415385000056,0.0,0.0,240888956.5,145724931.0,46220071.0,0.0,188499031.0,142278960.0,638175352.0
seed,synthetic,large-long,S0,max,4,4,0,0,{},0,109.85724635500002,102.09155342700001,125.49777443675002,23.406221009750013,117.73208150875001,24.349859922595446,98.75392718700004,152.459906138,,19.060339,10.3929995,74.1209565,109.7739495,0.5168388934999939,0.0,0.0,48352884.0,1363631986.0,46220071.0,0.0,1389108326.5,1342888255.5,396017746.0
seed,synthetic,large-long,S0,min,4,4,0,0,{},0,96.75405644200002,87.6216937195,113.66158259000002,26.03988887050002,104.52921986749999,24.481255759211038,85.73815065099996,138.870615935,,5.5943115,10.4720315,75.090948,96.598762,0.4936247219999892,0.0,0.0,46995180.0,272860807.0,46220071.0,0.0,314740570.5,268520499.5,396017746.0
seed,synthetic,large-long,S1,max,4,4,0,0,{},0,150.5257559435,138.46651620524997,152.15291627775002,13.68640007250005,140.0936765395,24.686449976210113,103.27282933199996,156.05036493900002,,21.4184965,10.631709,115.4333735,150.42427450000002,0.47079749500000645,0.0,0.0,48074531.5,1386566118.0,46220071.0,0.0,1389108326.5,1342888255.5,396017746.0
seed,synthetic,large-long,S1,min,4,4,0,0,{},0,136.21937200249997,122.57944880299998,139.42360865749995,16.844159854499978,125.78368545799998,25.034438999686294,88.57171989199998,142.12427793499998,,6.648452499999999,10.541941999999999,115.194937,136.119166,0.5105055680000135,0.0,0.0,46761166.0,279619649.0,46220071.0,0.0,314740569.0,268520498.0,396017746.0
seed,synthetic,large-long,S2,max,4,4,0,0,{},0,150.367535718,149.505672684,151.07434325075002,1.5686705667500291,150.21248021675,1.1689117134209794,148.786903854,151.32794557699998,,17.7265515,10.6202145,119.571602,150.263086,0.42945673699999887,0.0,0.0,47529382.0,1400578386.0,46220071.0,0.0,1389108328.5,1342888257.5,396017746.0
seed,synthetic,large-long,S2,min,4,4,0,0,{},0,137.100217087,135.7202924535,138.72611513674997,3.00582268324996,137.34619050324994,3.0417479226077977,133.96957312799998,141.21475471099984,,4.5333749999999995,10.774464,119.709321,136.99460950000002,0.3895084879999047,0.0,0.0,46809580.0,280172871.5,46220071.0,0.0,314740575.5,268520504.5,396017746.0
seed,synthetic,large-long,S3,max,4,4,0,0,{},0,154.90712492350002,146.82582365850007,159.61887171774995,12.793048059249884,151.53757045275,13.205259868385689,133.117163355,163.218868609,,24.763138499999997,11.656816,118.390642,154.8044705,0.4625860049999915,0.0,0.0,48255108.0,1391248460.5,46220071.0,0.0,1389108330.5,1342888259.5,396017746.0
seed,synthetic,large-long,S3,min,4,4,0,0,{},0,139.80376863950002,131.80790365825004,142.35320846225002,10.545304803999983,134.35734348100002,13.823699740498505,113.97414584500001,143.84769080000004,,7.9706545,11.109105,118.024086,139.7041865,0.498119857500015,0.0,0.0,46876394.0,279829523.5,46220071.0,0.0,314740569.5,268520498.5,396017746.0
seed,synthetic,large-short,S0,max,4,4,0,0,{},0,44.49852230650001,40.908504339999986,47.32078811775002,6.412283777750034,43.73077015125,4.43128516831866,38.41778127699999,47.50825471499999,,19.0141395,10.62471,9.021352,44.4112825,0.42747999750000076,0.0,0.0,48154354.0,1363783169.5,46220071.0,0.0,1389108310.5,1342888239.5,396017746.0
seed,synthetic,large-short,S0,min,4,4,0,0,{},0,29.97571414000003,28.886770151250033,30.465070812750007,1.5783006614999735,29.376126824000007,2.4560675525056372,25.89189498899998,31.661184026999997,,5.3206880000000005,10.5617535,9.495547,29.891362,0.4780663700000005,0.0,0.0,46922944.0,272896063.0,46220071.0,0.0,314740579.5,268520508.5,396017746.0
seed,synthetic,large-short,S1,max,4,4,0,0,{},0,46.058939292,43.88558354625,47.07964935675,3.1940658104999997,44.906293610999995,3.404392683310658,40.019330792999995,47.487965067,,20.226731,10.99649,9.399579500000002,45.966419,0.5309327895000067,0.0,0.0,47766942.5,1396764498.0,46220071.0,0.0,1389108309.5,1342888238.5,396017746.0
seed,synthetic,large-short,S1,min,4,4,0,0,{},0,31.4361942285,29.839047606250002,32.4300808415,2.5910332352499985,30.832934219250003,3.351773985207093,26.23374977200001,34.225598648,,6.509029,11.543072500000001,9.333247499999999,31.347183,0.44769363750000224,0.0,0.0,46902847.5,280208619.0,46220071.0,0.0,314740573.0,268520502.0,396017746.0
seed,synthetic,large-short,S2,max,4,4,0,0,{},0,43.717001994,40.24289871875,47.81952907325,7.576630354500004,44.345425798,6.462927263237331,37.541432918,52.406266286,,19.1135845,10.6203745,9.062564,43.628847,1.1776842334999884,0.0,0.0,48128886.0,1378035046.5,46220071.0,0.0,1389108307.5,1342888236.5,396017746.0
seed,synthetic,large-short,S2,min,4,4,0,0,{},0,29.97681068549999,26.636679936249987,33.506223514,6.869543577750012,30.166092764749997,4.441916414866569,25.885788070000004,34.824961618,,5.2769615000000005,10.62471,8.661675500000001,29.824146,0.5019069510000023,0.0,0.0,46868887.5,276183029.5,46220071.0,0.0,314740573.0,268520502.0,396017746.0
seed,synthetic,large-short,S3,max,4,4,0,0,{},0,45.70389695349999,43.1229348315,48.004307337499995,4.881372505999998,45.42334521549999,4.6817594269980525,39.59806272899999,50.68752422600001,,20.7640775,11.6283175,9.656015,45.6078685,0.416736249500012,0.0,0.0,47801552.0,1399382149.0,46220071.0,0.0,1389108305.0,1342888234.0,396017746.0
seed,synthetic,large-short,S3,min,4,4,0,0,{},0,30.321255084999997,28.95478669425,32.223221141749995,3.2684344474999953,30.856752751,4.027318051866238,26.551187315999996,36.233313517999996,,6.0413045,11.5822095,9.801418,30.2264735,0.5152586425000081,0.0,0.0,47001847.5,279934048.0,46220071.0,0.0,314740576.0,268520505.0,396017746.0
seed,synthetic,small-long,S0,max,4,4,0,0,{},0,113.4627660065,105.979931226,118.66470534075,12.684774114749999,111.18187056025,12.884232171094624,93.84144416100003,123.96050606699998,,4.8045335,2.321399,104.19586149999999,113.364615,0.45822865849999417,0.0,0.0,46644122.0,4849995.5,46220071.0,0.0,50716352.5,4496281.5,128630866.0
seed,synthetic,small-long,S0,min,4,4,0,0,{},0,112.66130468350002,104.71114614675002,118.11641892925,13.405272782499978,110.1662603925,14.064818090128094,91.16417618999998,124.178256013,,2.7764664999999997,2.324914,105.33075699999999,112.562596,0.4220277550000091,0.0,0.0,46612345.0,1369635.5,46220071.0,0.0,47272047.0,1051976.0,128630866.0
seed,synthetic,small-long,S1,max,4,4,0,0,{},0,124.62840164499998,117.0004842505,124.69903448049999,7.698550229999995,117.07111708599999,15.227262180096247,94.230582538,124.79708251599999,,5.261959,2.174799,115.0906,124.524832,0.4908751490000043,0.0,0.0,46645890.5,4920161.5,46220071.0,0.0,50716354.0,4496283.0,128630866.0
seed,synthetic,small-long,S1,min,4,4,0,0,{},0,121.86102322549999,114.30817911375,122.25233232824999,7.944153214499991,114.69948821649999,15.249872302762233,91.845327999,123.23057841599999,,2.9857044999999998,2.2021735,115.194356,121.7593645,0.47639971849999796,0.0,0.0,46615100.0,1323578.0,46220071.0,0.0,47272051.5,1051980.5,128630866.0
seed,synthetic,small-long,S2,max,4,4,0,0,{},0,123.99901597249999,116.15789451,124.49384286074998,8.335948350749973,116.65272139825,15.140686943937538,93.952880085,124.659973563,,4.833345,2.132352,114.989554,123.89835450000001,0.46190827000002344,0.0,0.0,46681616.5,4930805.0,46220071.0,0.0,50716355.5,4496284.5,128630866.0
seed,synthetic,small-long,S2,min,4,4,0,0,{},0,122.23264197150002,114.03458000924999,123.56010816450004,9.525528155250043,115.36204620225001,15.858065113388955,91.691325267,125.29157559900003,,2.794448,2.1464499999999997,115.55695449999999,122.1326945,0.47202184500000044,0.0,0.0,46611017.0,1332329.0,46220071.0,0.0,47272047.0,1051976.0,128630866.0
seed,synthetic,small-long,S3,max,4,4,0,0,{},0,99.4445350295,71.75192046775,126.4918894265,54.73996895875,98.79927486474999,32.23050066735836,69.236312449,127.07171695099998,,5.4572,2.2052294999999997,89.740398,99.35351,0.5167065010000051,0.0,0.0,46722907.0,4857049.0,46220071.0,0.0,50716360.0,4496289.0,128630866.0
seed,synthetic,small-long,S3,min,4,4,0,0,{},0,96.8160352515,69.53449714149998,122.793542728,53.25904558650002,95.512004618,31.836721691568318,65.00573319999998,123.41021476900002,,2.9790045000000003,2.1635955,89.23927549999999,96.693893,0.4771262204999971,0.0,0.0,46668326.0,1359499.5,46220071.0,0.0,47272057.5,1051986.5,128630866.0
seed,synthetic,small-short,S0,max,4,4,0,0,{},0,13.788479306,12.826374777500002,14.840003502499997,2.013628724999995,13.877898973999999,1.2255505605494326,12.820563107000005,15.114074176999992,,5.221397,2.1635470000000003,4.345522,13.68638,0.5178855954999975,0.0,0.0,46551876.5,4779736.5,46220071.0,0.0,50716353.0,4496282.0,128630866.0
seed,synthetic,small-short,S0,min,4,4,0,0,{},0,11.530167737499994,10.8132869535,12.19277224424999,1.3794852907499902,11.475891460249997,0.9060282534224212,10.499326302,12.343904064,,2.9279835,2.1392465,4.303037,11.432574500000001,0.49422301999999974,0.0,0.0,46515758.5,1224037.0,46220071.0,0.0,47272048.5,1051977.5,128630866.0
seed,synthetic,small-short,S1,max,4,4,0,0,{},0,12.969165344500006,11.920974559000017,13.618835088500001,1.6978605294999838,12.570644303000012,1.409725466481051,10.666689766000047,13.67755675699999,,5.2325975,2.0895375,3.3459295,12.8847295,0.4312488894999795,0.0,0.0,46607407.5,4727217.5,46220071.0,0.0,50716354.0,4496283.0,128630866.0
seed,synthetic,small-short,S1,min,4,4,0,0,{},0,11.061084960999999,10.590100419249996,11.235049900999996,0.6449494817500003,10.764065359249994,0.7824135119895099,9.618411489999971,11.315680025000006,,2.839664,2.225155,3.39136,10.9661835,0.5142909649999972,0.0,0.0,46563852.0,1244722.0,46220071.0,0.0,47272049.0,1051978.0,128630866.0
seed,synthetic,small-short,S2,max,4,4,0,0,{},0,13.128605419499983,12.445364699000006,13.853328684249973,1.4079639852499675,13.170087963749996,2.086768890983909,10.65798123800002,15.765159777999997,,4.431862499999999,2.2156000000000002,4.2916935,13.023503,0.4276377364999888,0.0,0.0,46598131.0,4750570.5,46220071.0,0.0,50716352.0,4496281.0,128630866.0
seed,synthetic,small-short,S2,min,4,4,0,0,{},0,11.643532725500009,10.758065371249998,12.476922078250015,1.7188567070000165,11.591454724000004,1.6928236114745683,9.522243653000004,13.556509791999993,,2.9052515000000003,2.1961180000000002,4.313753,11.5378065,0.4221334249999842,0.0,0.0,46587320.5,1242202.0,46220071.0,0.0,47272049.0,1051978.0,128630866.0
seed,synthetic,small-short,S3,max,4,4,0,0,{},0,12.008786795000056,11.354146704500083,13.017496190499994,1.6633494859999107,12.362856100000021,1.6860207765735145,10.766875309999996,14.666975499999978,,4.451302,2.1853565,3.4267695000000002,11.917904,0.46949436199999894,0.0,0.0,46596961.5,4782090.0,46220071.0,0.0,50716348.5,4496277.5,128630866.0
seed,synthetic,small-short,S3,min,4,4,0,0,{},0,10.335646174499995,9.87001032025001,11.212157976750001,1.342147656499991,10.746522122500016,1.233155681489241,9.83990016100006,12.474895980000014,,2.997379,2.1641725000000003,3.5353139999999996,10.2419385,0.4453567375000347,0.0,0.0,46555802.0,1233053.5,46220071.0,0.0,47272053.5,1051982.5,128630866.0
seed,uptime-kuma,default,S0,max,4,4,0,0,{},0,144.26864220699997,115.25670717374999,172.96474761849998,57.70804044475,143.95281258525,33.63889094662497,113.96892386999997,173.30504205700004,,19.717361500000003,14.585088,102.28543400000001,144.177413,0.501230028000009,0.0,0.0,272769182.0,350934297.5,72967928.0,0.0,411009431.5,338041503.5,357829170.0
seed,uptime-kuma,default,S0,min,4,4,0,0,{},0,128.58618402000002,104.52893460525002,153.3409707225,48.81203611724999,129.28372130775,29.095899571357567,103.359011694,156.60350549699996,,3.307741,14.8259215,102.0414025,128.49139300000002,0.5101247240000006,0.0,0.0,272478009.5,45707363.5,72967928.0,0.0,115482661.0,42514733.0,357829153.5
seed,uptime-kuma,default,S1,max,4,4,0,0,{},0,168.96668507750002,161.161523434,173.87846816775001,12.716944733750012,166.07330652425,13.534781860983049,147.444930517,178.914925425,,22.659784000000002,16.225973500000002,121.40770749999999,168.85596950000001,0.5234161789999803,0.0,0.0,272384326.5,353910225.5,72967928.0,0.0,411020042.5,338052114.5,357829205.5
seed,uptime-kuma,default,S1,min,4,4,0,0,{},0,149.06194023000003,143.37442806925003,153.67160855425,10.297180484999984,147.9840963935,11.968565557209963,132.472640953,161.339864161,,3.6632375,16.239001000000002,120.28786450000001,148.954409,0.531643571,0.0,0.0,272473208.0,46022637.5,72967928.0,0.0,115482902.0,42514974.0,357829125.0
seed,uptime-kuma,default,S2,max,4,4,0,0,{},0,168.24930270549999,161.7922151595,170.2717975585,8.479582399000009,163.81471001250003,13.441920674977387,144.16969878300003,174.590535856,,21.725918999999998,16.245327500000002,121.864578,168.1382845,0.5666149844999993,0.0,0.0,272725328.0,354473229.5,72967928.0,0.0,411017517.0,338049589.0,357829159.0
seed,uptime-kuma,default,S2,min,4,4,0,0,{},0,149.44659331649999,146.15688814725,149.65901506125,3.5021269140000015,146.369309892,6.711370199644075,136.318915209,150.265137726,,2.8307585,16.2120225,121.343635,149.3392665,0.43187919049999834,0.0,0.0,272756653.5,46050490.5,72967928.0,0.0,115483030.0,42515102.0,357829127.5
seed,uptime-kuma,default,S3,max,4,4,0,0,{},0,173.541587996,171.20671280275,175.43644293325002,4.22973013050003,173.10156774,6.594164563918173,164.61053904999997,180.71255591800002,,23.5079815,16.3709,124.0908365,173.431358,0.52967518849999,0.0,0.0,272497031.0,353802963.0,72967928.0,0.0,411020938.0,338053010.0,357829153.5
seed,uptime-kuma,default,S3,min,4,4,0,0,{},0,155.08523655550002,152.2766084255,156.24980302100002,3.9731945955000185,153.441174891,5.693272162168058,145.239691055,158.354535398,,4.0338085,16.3123845,125.204082,154.974644,0.4782904485000046,0.0,0.0,271898229.5,46204517.5,72967928.0,0.0,115484070.5,42516142.5,357829127.5
